{"cameraMode":{"drawMode":0,"name":"Shaded","section":"Shading Mode"},"sceneLighting":false,"audioPlay":false,"sceneViewState":{"showFog":true,"showMaterialUpdate":false,"showSkybox":false,"showFlares":true,"showImageEffects":true,"showParticleSystems":true},"in2DMode":false,"pivot":{"x":0.1168273538351059,"y":1.276623010635376,"z":-3.4913814067840578},"rotation":{"x":0.0027727787382900717,"y":0.9959365129470825,"z":-0.08416637778282166,"w":0.03286750242114067},"size":4.307094097137451,"orthographic":false}