{"cameraMode":{"drawMode":0,"name":"Shaded","section":"Shading Mode"},"sceneLighting":false,"audioPlay":false,"sceneViewState":{"showFog":false,"showMaterialUpdate":false,"showSkybox":false,"showFlares":false,"showImageEffects":false,"showParticleSystems":false},"in2DMode":false,"pivot":{"x":-0.7930681705474854,"y":1.1411206722259522,"z":-0.32019615173339846},"rotation":{"x":0.0048879599198699,"y":0.9886236786842346,"z":-0.03294306620955467,"w":0.14668762683868409},"size":6.507773399353027,"orthographic":false}