{"cameraMode":{"drawMode":0,"name":"Shaded","section":"Shading Mode"},"sceneLighting":false,"audioPlay":false,"sceneViewState":{"showFog":false,"showMaterialUpdate":false,"showSkybox":false,"showFlares":false,"showImageEffects":false,"showParticleSystems":false},"in2DMode":false,"pivot":{"x":-3.025700807571411,"y":2.484825849533081,"z":5.525452613830566},"rotation":{"x":0.08032270520925522,"y":0.8671735525131226,"z":-0.1486867219209671,"w":0.4684616029262543},"size":6.507773399353027,"orthographic":false}