{"cameraMode":{"drawMode":0,"name":"Shaded","section":"Shading Mode"},"sceneLighting":true,"audioPlay":false,"sceneViewState":{"showFog":true,"showMaterialUpdate":true,"showSkybox":true,"showFlares":true,"showImageEffects":true,"showParticleSystems":true},"in2DMode":false,"pivot":{"x":12.069480895996094,"y":-1.7744696140289307,"z":-41.83448791503906},"rotation":{"x":0.0984177514910698,"y":0.35619041323661806,"z":-0.03774374723434448,"w":0.9284718632698059},"size":22.0,"orthographic":false}