{"cameraMode":{"drawMode":0,"name":"Shaded","section":"Shading Mode"},"sceneLighting":false,"audioPlay":false,"sceneViewState":{"showFog":true,"showMaterialUpdate":false,"showSkybox":false,"showFlares":true,"showImageEffects":true,"showParticleSystems":true},"in2DMode":false,"pivot":{"x":-0.0025147050619125368,"y":0.05116423964500427,"z":0.031437575817108157},"rotation":{"x":-0.273022323846817,"y":0.19090183079242707,"z":-0.055377691984176639,"w":-0.9412797689437866},"size":1.3972581624984742,"orthographic":false}