{"cameraMode":{"drawMode":0,"name":"Shaded","section":"Shading Mode"},"sceneLighting":false,"audioPlay":false,"sceneViewState":{"showFog":true,"showMaterialUpdate":false,"showSkybox":true,"showFlares":true,"showImageEffects":true,"showParticleSystems":true},"in2DMode":false,"pivot":{"x":6.789814472198486,"y":9.08303451538086,"z":8.328939437866211},"rotation":{"x":0.30559322237968447,"y":0.089803546667099,"z":-0.028964724391698839,"w":0.9474769830703735},"size":2.5465965270996095,"orthographic":false}