{"cameraMode":{"drawMode":0,"name":"Shaded","section":"Shading Mode"},"sceneLighting":true,"audioPlay":false,"sceneViewState":{"showFog":true,"showMaterialUpdate":false,"showSkybox":true,"showFlares":true,"showImageEffects":true,"showParticleSystems":true},"in2DMode":false,"pivot":{"x":-1.982879638671875,"y":9.225369453430176,"z":1.8578131198883057},"rotation":{"x":-0.273022323846817,"y":0.19090183079242707,"z":-0.055377691984176639,"w":-0.9412797689437866},"size":2.5218398571014406,"orthographic":false}